name,lat,lng,full_address,block,street,postal_code,lic_no
LI LI CHENG SUPERMARKET (PUNGGOL) PTE. LTD.,1.402303006,103.9012624,"273C PUNGGOL PLACE, Singapore 823273",273C,PUNGGOL PLACE,823273,NE12I65N000
SHENG SIONG SUPERMARKET PTE LTD,1.314239371,103.870914,"11 UPPER BOON KENG ROAD, Singapore 380011",11,UPPER BOON KENG ROAD,380011,E73010V000
COLD STORAGE SINGAPORE (1983) PTE LTD,1.373321217,103.8863655,"683 HOUGANG AVENUE 8, Singapore 530683",683,HOUGANG AVENUE 8,530683,NE11909C000
COLD STORAGE SINGAPORE (1983) PTE LTD,1.332958727,103.9149418,"631 BEDOK RESERVOIR ROAD, Singapore 470631",631,BEDOK RESERVOIR ROAD,470631,S02210X000
YES SUPERMARKET PTE LTD,1.353453156,103.9530099,"201B TAMPINES STREET 21, Singapore 522201",201B,TAMPINES STREET 21,522201,S02037J000
G8 MART PTE. LTD.,1.365384216,103.852967,"421 ANG MO KIO AVENUE 10, Singapore 560421",421,ANG MO KIO AVENUE 10,560421,CE13401C000
SHENG SIONG SUPERMARKET PTE LTD,1.367549248,103.8367406,"233 ANG MO KIO AVENUE 3, Singapore 560233",233,ANG MO KIO AVENUE 3,560233,CE04334P000
PRIME SUPERMARKET (1996) PTE LTD,1.353702969,103.8906808,"106 HOUGANG AVENUE 1, Singapore 530106",106,HOUGANG AVENUE 1,530106,S02059X000
TAN KWEE ENG,1.430071097,103.8423964,"327 YISHUN RING ROAD, Singapore 760327",327,YISHUN RING ROAD,760327,B02041C000
SHENG SIONG SUPERMARKET PTE LTD,1.370188604,103.8434132,"122 ANG MO KIO AVENUE 3, Singapore 560122",122,ANG MO KIO AVENUE 3,560122,B02015J000
KAI SOON SUPERMARKET PTE. LTD.,1.42213865,103.8328827,"780 YISHUN RING ROAD, Singapore 760780",780,YISHUN RING ROAD,760780,W03223N000
COLD STORAGE SINGAPORE (1983) PTE LTD,1.323250401,103.7672601,"41 SUNSET WAY, Singapore 597071",41,SUNSET WAY,597071,NW08141P000
PRIME SUPERMARKET LIMITED,1.334292414,103.8787462,"1 UPPER ALJUNIED LANE, Singapore 360001",1,UPPER ALJUNIED LANE,360001,SE04040C000
COLD STORAGE SINGAPORE (1983) PTE LTD,1.302221781,103.8761527,"5 STADIUM WALK, Singapore 397693",5,STADIUM WALK,397693,SE07216L000
COLD STORAGE SINGAPORE (1983) PTE LTD,1.320211016,103.8436568,"238 THOMSON ROAD, Singapore 307683",238,THOMSON ROAD,307683,W02074L000
THE SEAFOOD MARKET PLACE (BY SONG FISH) PTE. LTD.,1.439916079,103.8007012,"676 WOODLANDS DRIVE 71, Singapore 730676",676,WOODLANDS DRIVE 71,730676,NW18310J000
SHENG SIONG SUPERMARKET PTE LTD,1.307785101,103.857011,"1 JALAN BERSEH, Singapore 209037",1,JALAN BERSEH,209037,CE12096L000
COLD STORAGE SINGAPORE (1983) PTE LTD,1.304843445,103.8238528,"163 TANGLIN ROAD, Singapore 247933",163,TANGLIN ROAD,247933,W02073N000
BLUEWATER SEAFOOD PTE. LTD.,1.303445974,103.8093817,"8D DEMPSEY ROAD, Singapore 249672",8D,DEMPSEY ROAD,249672,CE18D64L000
LITTLE FARMS PTE. LTD.,1.310643503,103.7952462,"3 LORONG LIPUT, Singapore 277725",3,LORONG LIPUT,277725,CE18I13C000
"CHEE MIN KUAN, SIMON",1.303733734,103.8964982,"342 TANJONG KATONG ROAD, Singapore 437112",342,TANJONG KATONG ROAD,437112,SE14965K000
JSJ CORPORATION PTE. LTD.,1.318452011,103.9858694,"31A TANAH MERAH COAST ROAD, Singapore 498720",31A,TANAH MERAH COAST ROAD,498720,SE17345J000
U STARS PTE. LTD.,1.37860238,103.9419782,"625 ELIAS ROAD, Singapore 510625",625,ELIAS ROAD,510625,NE04092A000
LOTTE MART PTE. LTD.,1.340826615,103.7742133,"17 LORONG KILAT, Singapore 598139",17,LORONG KILAT,598139,SW06806E000
MURUGAN TRADERS PTE LTD,1.324919804,103.7050997,"9 TRACTOR ROAD, Singapore 627970",9,TRACTOR ROAD,627970,SW18B79P000
SHENG SIONG SUPERMARKET PTE LTD,1.355723076,103.7393031,"440 BUKIT BATOK WEST AVENUE 8, Singapore 650440",440,BUKIT BATOK WEST AVENUE 8,650440,SW18A30L000
SHENG SIONG SUPERMARKET PTE LTD,1.446804132,103.8054876,"785E WOODLANDS RISE, Singapore 735785",785E,WOODLANDS RISE,735785,NW18649C000
SHENG SIONG SUPERMARKET PTE LTD,1.420155503,103.8435589,"675 YISHUN AVENUE 4, Singapore 760675",675,YISHUN AVENUE 4,760675,NW18478E000
HAO MART PTE. LTD.,1.399904204,103.9193528,"658 PUNGGOL EAST, Singapore 820658",658,PUNGGOL EAST,820658,NE18667L000
THE SEAFOOD MARKET PLACE (BY SONG FISH) PTE. LTD.,1.402878451,103.9131957,"681 PUNGGOL DRIVE, Singapore 820681",681,PUNGGOL DRIVE,820681,NE18529J000
COLD STORAGE SINGAPORE (1983) PTE LTD,1.372645695,103.8538907,"525 ANG MO KIO AVENUE 10, Singapore 560525",525,ANG MO KIO AVENUE 10,560525,S02169J000
PAN PACIFIC INTERNATIONAL HOLDINGS PTE. LTD.,1.274588224,103.8434707,"100 TRAS STREET, Singapore 79027",100,TRAS STREET,79027,CE18A78X000
COLD STORAGE SINGAPORE (1983) PTE LTD,1.309822274,103.9022325,"291 JOO CHIAT ROAD, Singapore 427543",291,JOO CHIAT ROAD,427543,SE11505P000
SHENG SIONG SUPERMARKET PTE LTD,1.402621965,103.9165196,"660A EDGEDALE PLAINS, Singapore 821660",660A,EDGEDALE PLAINS,821660,NE17700J000
VIVA CORP SERVICES PTE. LTD.,1.337338624,103.9037351,"23 KAKI BUKIT ROAD 3, Singapore 415812",23,KAKI BUKIT ROAD 3,415812,NE14190K000
ROSWELL ENTERPRISE PTE LTD,1.331832408,103.8064924,"34 GREENWOOD AVENUE, Singapore 289236",34,GREENWOOD AVENUE,289236,B03078N000
T S J INDUSTRIAL (S) PTE. LTD.,1.336830974,103.7543414,"48 TOH GUAN ROAD EAST, Singapore 608586",48,TOH GUAN ROAD EAST,608586,SW14484J000
COLD STORAGE SINGAPORE (1983) PTE LTD,1.301191315,103.9051136,"80 MARINE PARADE ROAD, Singapore 449269",80,MARINE PARADE ROAD,449269,E02196C000
COLD STORAGE SINGAPORE (1983) PTE LTD,1.30974242,103.8641017,"12 KALLANG AVENUE, Singapore 339511",12,KALLANG AVENUE,339511,CE14G73B000
COLD STORAGE SINGAPORE (1983) PTE LTD,1.314692141,103.8944805,"11 TANJONG KATONG ROAD, Singapore 437157",11,TANJONG KATONG ROAD,437157,SE14875L000
COLD STORAGE SINGAPORE (1983) PTE LTD,1.303582691,103.7652845,"154 WEST COAST ROAD, Singapore 127371",154,WEST COAST ROAD,127371,SW08807K000
COLD STORAGE SINGAPORE (1983) PTE LTD,1.306848827,103.7882145,"1 VISTA EXCHANGE GREEN, Singapore 138617",1,VISTA EXCHANGE GREEN,138617,SW12J97L000
FOODIE MARKET PLACE PTE. LTD.,1.283450773,103.8353713,"225 OUTRAM ROAD, Singapore 169038",225,OUTRAM ROAD,169038,CE10I13B000
MUSTAFA HOLDINGS PTE LTD,1.309752747,103.8557016,"147 SYED ALWI ROAD, Singapore 207706",147,SYED ALWI ROAD,207706,W03142N000
SUPERNATURE PTE LTD,1.306195799,103.828509,"583 ORCHARD ROAD, Singapore 238884",583,ORCHARD ROAD,238884,CE13539N000
HUBER'S PTE. LTD.,1.306792407,103.8101858,"22 DEMPSEY ROAD, Singapore 249679",22,DEMPSEY ROAD,249679,CE15F60K000
YEO KENG GUAN,1.316618983,103.7789473,"5 RIDGEWOOD CLOSE, Singapore 276696",5,RIDGEWOOD CLOSE,276696,C02052N000
COLD STORAGE SINGAPORE (1983) PTE LTD,1.317561968,103.7858406,"293 HOLLAND ROAD, Singapore 278628",293,HOLLAND ROAD,278628,C02025V000
COLD STORAGE SINGAPORE (1983) PTE LTD,1.331491472,103.8068093,"20 GREENWOOD AVENUE, Singapore 289215",20,GREENWOOD AVENUE,289215,CE09685B000
COLD STORAGE SINGAPORE (1983) PTE LTD,1.435760801,103.8367239,"291 YISHUN STREET 22, Singapore 760291",291,YISHUN STREET 22,760291,NW04015N000
CHD @ SOON LEE PTE. LTD.,1.332122901,103.6990703,"51 SOON LEE ROAD, Singapore 628088",51,SOON LEE ROAD,628088,SW08A55C000
SHENG SIONG SUPERMARKET PTE LTD,1.325468084,103.7252215,"3 YUAN CHING ROAD, Singapore 618642",3,YUAN CHING ROAD,618642,C02050X000
MD SYDUR RAHMAN,1.295013686,103.6267293,"13 TUAS SOUTH STREET 5, Singapore 637555",13,TUAS SOUTH STREET 5,637555,SW08047V000
7SEVEN PTE. LTD.,1.456059726,103.7864369,"51 NORTH COAST AVENUE, Singapore 756992",51,NORTH COAST AVENUE,756992,NW14561E000
COLD STORAGE SINGAPORE (1983) PTE LTD,1.299294067,103.7874041,"1 FUSIONOPOLIS WAY, Singapore 138632",1,FUSIONOPOLIS WAY,138632,SW17E56V000
SHENG SIONG SUPERMARKET PTE LTD,1.448864021,103.8323929,"105 CANBERRA STREET, Singapore 750105",105,CANBERRA STREET,750105,NW18021V000
U STARS PTE. LTD.,1.440629922,103.8061981,"691 WOODLANDS DRIVE 73, Singapore 730691",691,WOODLANDS DRIVE 73,730691,NW17990N000
SHENG SIONG SUPERMARKET PTE LTD,1.399228566,103.8896539,"338 ANCHORVALE CRESCENT, Singapore 540338",338,ANCHORVALE CRESCENT,540338,CE17Q33A000
SHENG SIONG SUPERMARKET PTE LTD,1.391587041,103.8798725,"417 FERNVALE LINK, Singapore 790417",417,FERNVALE LINK,790417,CE17Q32B000
BHANDARI INTERNATIONAL PTE. LTD.,1.451325053,103.7910952,"280 WOODLANDS INDUSTRIAL PARK E5 (PART OF), Singapore 757322",280,WOODLANDS INDUSTRIAL PARK E5 (PART OF),757322,NW17277E000
SHENG SIONG SUPERMARKET PTE LTD,1.433512534,103.7797469,"4 WOODLANDS STREET 12, Singapore 738623",4,WOODLANDS STREET 12,738623,NW17734V000
WAN SIEW YOONG,1.281800625,103.8429082,"4 SAGO LANE, Singapore 50004",4,SAGO LANE,50004,W02099P000
HAO MART PTE. LTD.,1.328211695,103.8598126,"17 JALAN TENTERAM, Singapore 321017",17,JALAN TENTERAM,321017,CE17M26A000
MCP FAIRMART PTE LTD,1.359259407,103.7506946,"BLK 371 BUKIT BATOK STREET 31, Singapore 650371",BLK 371,BUKIT BATOK STREET 31,650371,J92067N000
HAO MART PTE. LTD.,1.277848769,103.8308115,"146 JALAN BUKIT MERAH, Singapore 160146",146,JALAN BUKIT MERAH,160146,CE17M36X000
PAN PACIFIC INTERNATIONAL HOLDINGS PTE. LTD.,1.300838916,103.8394347,"181 ORCHARD ROAD, Singapore 238896",181,ORCHARD ROAD,238896,CE17L45A000
COLD STORAGE SINGAPORE (1983) PTE LTD,1.318675759,103.8925506,"60 PAYA LEBAR ROAD, Singapore 409051",60,PAYA LEBAR ROAD,409051,SE14A83A000
COLD STORAGE SINGAPORE (1983) PTE LTD,1.288614691,103.80501,"370 ALEXANDRA ROAD, Singapore 159953",370,ALEXANDRA ROAD,159953,CE07569B000
COLD STORAGE SINGAPORE (1983) PTE LTD,1.429698482,103.8357765,"930 YISHUN AVENUE 2, Singapore 769098",930,YISHUN AVENUE 2,769098,NW08314K000
COLD STORAGE SINGAPORE (1983) PTE LTD,1.359496638,103.8850799,"205 HOUGANG STREET 21, Singapore 530205",205,HOUGANG STREET 21,530205,S02024X000
SHENG SIONG SUPERMARKET PTE LTD,1.302464092,103.763751,"720 CLEMENTI WEST STREET 2, Singapore 120720",720,CLEMENTI WEST STREET 2,120720,SW05051J000
PRIME SUPERMARKET LIMITED,1.308365268,103.8609128,"803 KING GEORGE'S AVENUE, Singapore 200803",803,KING GEORGE'S AVENUE,200803,E02042P000
PRIME SUPERMARKET LIMITED,1.348732841,103.9340102,"823 TAMPINES STREET 81, Singapore 520823",823,TAMPINES STREET 81,520823,S02040X000
COLD STORAGE SINGAPORE (1983) PTE LTD,1.349224188,103.9349125,"829 TAMPINES STREET 81, Singapore 520829",829,TAMPINES STREET 81,520829,S02038E000
COLD STORAGE SINGAPORE (1983) PTE LTD,1.436007838,103.7856887,"1 WOODLANDS SQUARE, Singapore 738099",1,WOODLANDS SQUARE,738099,NW11384E000
COLD STORAGE SINGAPORE (1983) PTE LTD,1.430840066,103.7934163,"548 WOODLANDS DRIVE 44, Singapore 730548",548,WOODLANDS DRIVE 44,730548,B02035A000
LIN POH LING,1.340642933,103.8543345,"212 LORONG 8 TOA PAYOH, Singapore 310212",212,LORONG 8 TOA PAYOH,310212,SE06616X000
COLD STORAGE SINGAPORE (1983) PTE LTD,1.350675514,103.8718616,"23 SERANGOON CENTRAL, Singapore 556083",23,SERANGOON CENTRAL,556083,SE10579K000
COLD STORAGE SINGAPORE (1983) PTE LTD,1.300142483,103.855787,"230 VICTORIA STREET, Singapore 188024",230,VICTORIA STREET,188024,W02075K000
NAWAS GLOBAL PTE. LTD.,1.271642263,103.6335123,"3 TUAS SOUTH STREET 12, Singapore 636947",3,TUAS SOUTH STREET 12,636947,SW16224E000
MEIDI-YA SINGAPORE CO (PTE) LTD,1.291514786,103.8445863,"177 RIVER VALLEY ROAD, Singapore 179030",177,RIVER VALLEY ROAD,179030,W02094C000
IROHA INTERNATIONAL PTE. LTD.,1.300747562,103.8450476,"68 ORCHARD ROAD, Singapore 238839",68,ORCHARD ROAD,238839,CE16I13V000
COLD STORAGE SINGAPORE (1983) PTE LTD,1.292259589,103.842561,"81 CLEMENCEAU AVENUE, Singapore 239917",81,CLEMENCEAU AVENUE,239917,W02096A000
LITTLE FARMS PTE. LTD.,1.293017861,103.8269408,"491 RIVER VALLEY ROAD, Singapore 248371",491,RIVER VALLEY ROAD,248371,CE05380X000
SHENG SIONG SUPERMARKET PTE LTD,1.322136363,103.7382928,"61 TEBAN GARDENS ROAD, Singapore 600061",61,TEBAN GARDENS ROAD,600061,C02080E000
PHAN NEE INVESTMENTS (S) PTE LTD,1.377610839,103.7184038,"500 OLD CHOA CHU KANG ROAD, Singapore 698924",500,OLD CHOA CHU KANG ROAD,698924,SW16E98J000
COLD STORAGE SINGAPORE (1983) PTE LTD,1.331775817,103.9462012,"430 UPPER CHANGI ROAD, Singapore 487048",430,UPPER CHANGI ROAD,487048,SE14377P000
RAW MARKET PTE. LTD.,1.375588308,103.9608397,"11 PASIR RIS LINK, Singapore 518180",11,PASIR RIS LINK,518180,NE15760A000
HAO MART PTE. LTD.,1.433595142,103.8396854,"239 YISHUN RING ROAD, Singapore 760239",239,YISHUN RING ROAD,760239,B85098V000
V SURESH KUMAR,1.459828174,103.8200734,"51 ADMIRALTY ROAD WEST - LODGE 1, Singapore 757443",51,ADMIRALTY ROAD WEST - LODGE 1,757443,NW12H40C000
COLD STORAGE SINGAPORE (1983) PTE LTD,1.338994622,103.7931338,"200 TURF CLUB ROAD, Singapore 287994",200,TURF CLUB ROAD,287994,W02140C000
HAO MART PTE. LTD.,1.313175097,103.8836467,"448/450 GEYLANG ROAD, Singapore 389407",448/450,GEYLANG ROAD,389407,SE18184V000
COLD STORAGE SINGAPORE (1983) PTE LTD,1.303723224,103.8352403,"290 ORCHARD ROAD, Singapore 238859",290,ORCHARD ROAD,238859,W02070V000
COLD STORAGE SINGAPORE (1983) PTE LTD,1.27737236,103.8528448,"5 STRAITS VIEW, Singapore 18935",5,STRAITS VIEW,18935,CE17J36N000
COLD STORAGE SINGAPORE (1983) PTE LTD,1.300747562,103.8450476,"68 ORCHARD ROAD, Singapore 238839",68,ORCHARD ROAD,238839,W02088A000
COLD STORAGE SINGAPORE (1983) PTE LTD,1.293802361,103.8317579,"1 KIM SENG PROMENADE, Singapore 237994",1,KIM SENG PROMENADE,237994,W02068J000
POPULAR SUPERMARKET PTE LTD,1.270309784,103.6341639,"12 TUAS SOUTH STREET 13, Singapore 636937",12,TUAS SOUTH STREET 13,636937,SW16942C000
SADIA SUPERMARKET & TRADING (S) PTE. LTD.,1.270309784,103.6341639,"12 TUAS SOUTH STREET 13, Singapore 636937",12,TUAS SOUTH STREET 13,636937,SW16901A000
COLD STORAGE SINGAPORE (1983) PTE LTD,1.247758619,103.8419211,"31 OCEAN WAY, Singapore 98375",31,OCEAN WAY,98375,SW12N25V000
COLD STORAGE SINGAPORE (1983) PTE LTD,1.319436175,103.8273459,"383 BUKIT TIMAH ROAD, Singapore 259727",383,BUKIT TIMAH ROAD,259727,CE10B87J000
COLD STORAGE SINGAPORE (1983) PTE LTD,1.385295562,103.7661705,"524A JELAPANG ROAD, Singapore 671524",524A,JELAPANG ROAD,671524,B02011P000
COLD STORAGE SINGAPORE (1983) PTE LTD,1.349622344,103.8498817,"512 BISHAN STREET 13, Singapore 570512",512,BISHAN STREET 13,570512,CE09512V000
NTUC FAIRPRICE CO-OPERATIVE LTD,1.331661834,103.850483,"192 LORONG 4 TOA PAYOH, Singapore 310192",192,LORONG 4 TOA PAYOH,310192,S02051L000
NTUC FAIRPRICE CO-OPERATIVE LTD,1.360323317,103.953126,"475 TAMPINES STREET 44, Singapore 520475",475,TAMPINES STREET 44,520475,S02052K000
NTUC FAIRPRICE CO-OPERATIVE LTD,1.348371048,103.9481289,"107 TAMPINES STREET 11, Singapore 521107",107,TAMPINES STREET 11,521107,S02053J000
NTUC FAIRPRICE CO-OPERATIVE LTD,1.392197774,103.9044716,"11 RIVERVALE CRESCENT, Singapore 545082",11,RIVERVALE CRESCENT,545082,S02054E000
NTUC FAIRPRICE CO-OPERATIVE LTD,1.384932017,103.901558,"118 RIVERVALE DRIVE, Singapore 540118",118,RIVERVALE DRIVE,540118,S02055C000
NTUC FAIRPRICE CO-OPERATIVE LTD,1.354669019,103.8309198,"301 UPPER THOMSON ROAD, Singapore 574408",301,UPPER THOMSON ROAD,574408,S02056B000
NTUC FAIRPRICE CO-OPERATIVE LTD,1.332965494,103.8470504,"500 LORONG 6 TOA PAYOH, Singapore 310500",500,LORONG 6 TOA PAYOH,310500,S02103A000
NTUC FAIRPRICE CO-OPERATIVE LTD,1.323976884,103.9106897,"110 LENGKONG TIGA, Singapore 410110",110,LENGKONG TIGA,410110,S91085V000
NTUC FAIRPRICE CO-OPERATIVE LTD,1.357222824,103.8437853,"279 BISHAN STREET 24, Singapore 570279",279,BISHAN STREET 24,570279,S94081C000
NTUC FAIRPRICE CO-OPERATIVE LTD,1.379767536,103.9362076,"734 PASIR RIS STREET 72, Singapore 510734",734,PASIR RIS STREET 72,510734,S98084K000
NTUC FAIRPRICE CO-OPERATIVE LTD,1.315539647,103.8987649,"2 JOO CHIAT ROAD, Singapore 420002",2,JOO CHIAT ROAD,420002,SE04012L000
NTUC FAIRPRICE CO-OPERATIVE LTD,1.307827372,103.8847639,"41 JALAN TIGA, Singapore 390041",41,JALAN TIGA,390041,SE04130B000
NTUC FAIRPRICE CO-OPERATIVE LTD,1.354370738,103.9851696,"65 AIRPORT BOULEVARD, Singapore 819663",65,AIRPORT BOULEVARD,819663,SE07559P000
NTUC FAIRPRICE CO-OPERATIVE LTD,1.321189796,103.9032663,"5 EUNOS CRESCENT, Singapore 400005",5,EUNOS CRESCENT,400005,SE09706N000
NTUC FAIRPRICE CO-OPERATIVE LTD,1.350675514,103.8718616,"23 SERANGOON CENTRAL, Singapore 556083",23,SERANGOON CENTRAL,556083,SE10564B000
NTUC FAIRPRICE CO-OPERATIVE LTD,1.33233468,103.9380513,"89 BEDOK NORTH STREET 4, Singapore 460089",89,BEDOK NORTH STREET 4,460089,SE11071C000
NTUC FAIRPRICE CO-OPERATIVE LTD,1.314149968,103.8885449,"612-620 GEYLANG ROAD, Singapore 389551",612-620,GEYLANG ROAD,389551,SE11577E000
NTUC FAIRPRICE CO-OPERATIVE LTD,1.334325154,103.9623893,"5 CHANGI BUSINESS PARK CENTRAL 1, Singapore 486038",5,CHANGI BUSINESS PARK CENTRAL 1,486038,SE11947P000
NTUC FAIRPRICE CO-OPERATIVE LTD,1.334919774,103.9636539,"8 CHANGI BUSINESS PARK AVENUE 1, Singapore 486018",8,CHANGI BUSINESS PARK AVENUE 1,486018,SE12G19X000
NTUC FAIRPRICE CO-OPERATIVE LTD,1.324772079,103.9292677,"311 NEW UPPER CHANGI ROAD, Singapore 467360",311,NEW UPPER CHANGI ROAD,467360,SE13135L000
NTUC FAIRPRICE CO-OPERATIVE LTD,1.32424555,103.9415687,"57 NEW UPPER CHANGI ROAD, Singapore 461057",57,NEW UPPER CHANGI ROAD,461057,SE13S71X000
NTUC FAIRPRICE CO-OPERATIVE LTD,1.355190944,103.988751,"60 AIRPORT BOULEVARD, Singapore 819643",60,AIRPORT BOULEVARD,819643,SE13U39E000
NTUC FAIRPRICE CO-OPERATIVE LTD,1.303850308,103.9028504,"30 EAST COAST ROAD, Singapore 428751",30,EAST COAST ROAD,428751,SE13U91V000
NTUC FAIRPRICE CO-OPERATIVE LTD,1.332535908,103.8670368,"6 POTONG PASIR AVENUE 2, Singapore 358361",6,POTONG PASIR AVENUE 2,358361,SE14441L000
NTUC FAIRPRICE CO-OPERATIVE LTD,1.303843278,103.8727507,"1 STADIUM PLACE, Singapore 397628",1,STADIUM PLACE,397628,SE14467N000
NTUC FAIRPRICE CO-OPERATIVE LTD,1.342706189,103.9530245,"3 SIMEI STREET 6, Singapore 528833",3,SIMEI STREET 6,528833,SE14775X000
NTUC FAIRPRICE CO-OPERATIVE LTD,1.33177055,103.8792945,"401 MACPHERSON ROAD, Singapore 368125",401,MACPHERSON ROAD,368125,SE16122V000
NTUC FAIRPRICE CO-OPERATIVE LTD,1.336538677,103.8887627,"18 TAI SENG STREET, Singapore 539775",18,TAI SENG STREET,539775,SE17082P000
NTUC FAIRPRICE CO-OPERATIVE LTD,1.318869412,103.8947314,"10 EUNOS ROAD 8, Singapore 408600",10,EUNOS ROAD 8,408600,SE17481P000
JMD RETAIL PTE. LTD.,1.304164472,103.896327,"330 TANJONG KATONG ROAD, Singapore 437106",330,TANJONG KATONG ROAD,437106,SE18544L000
NTUC FAIRPRICE CO-OPERATIVE LTD,1.281122279,103.8100313,"108 DEPOT ROAD, Singapore 100108",108,DEPOT ROAD,100108,SW04158X000
COLD STORAGE SINGAPORE (1983) PTE LTD,1.26389582,103.8215893,"1 HARBOURFRONT WALK, Singapore 98585",1,HARBOURFRONT WALK,98585,SW06590A000
NTUC FAIRPRICE CO-OPERATIVE LTD,1.304763573,103.7816972,"28 DOVER CRESCENT, Singapore 130028",28,DOVER CRESCENT,130028,SW07481A000
NTUC FAIRPRICE CO-OPERATIVE LTD,1.380030578,103.7531184,"140 TECK WHYE LANE, Singapore 680140",140,TECK WHYE LANE,680140,SW08821N000
NTUC FAIRPRICE CO-OPERATIVE LTD,1.339315039,103.705351,"63 JURONG WEST CENTRAL 3, Singapore 648331",63,JURONG WEST CENTRAL 3,648331,SW08A59X000
NTUC FAIRPRICE CO-OPERATIVE LTD,1.3973019,103.7465581,"21 CHOA CHU KANG NORTH 6, Singapore 689578",21,CHOA CHU KANG NORTH 6,689578,SW09032C000
NTUC FAIRPRICE CO-OPERATIVE LTD,1.397128857,103.7473297,"61 CHOA CHU KANG DRIVE, Singapore 689715",61,CHOA CHU KANG DRIVE,689715,SW09285K000
LAMIAH ENTERPRISE PTE. LTD.,1.311467847,103.6303401,"5 TECH PARK CRESCENT, Singapore 638127",5,TECH PARK CRESCENT,638127,SW09752V000
NTUC FAIRPRICE CO-OPERATIVE LTD,1.314853226,103.7642482,"3155 COMMONWEALTH AVENUE WEST, Singapore 129588",3155,COMMONWEALTH AVENUE WEST,129588,SW10A16E000
NTUC FAIRPRICE CO-OPERATIVE LTD,1.27338253,103.8089348,"78A TELOK BLANGAH STREET 32, Singapore 101078",78A,TELOK BLANGAH STREET 32,101078,SW11452C000
NTUC FAIRPRICE CO-OPERATIVE LTD,1.27367658,103.801127,"460 ALEXANDRA ROAD, Singapore 119963",460,ALEXANDRA ROAD,119963,SW11A26P000
NTUC FAIRPRICE CO-OPERATIVE LTD,1.333268182,103.7401767,"2 JURONG EAST CENTRAL 1, Singapore 609731",2,JURONG EAST CENTRAL 1,609731,SW12C98J000
NTUC FAIRPRICE CO-OPERATIVE LTD,1.314278609,103.7713506,"352 CLEMENTI AVENUE 2, Singapore 120352",352,CLEMENTI AVENUE 2,120352,SW12F58E000
NTUC FAIRPRICE CO-OPERATIVE LTD,1.348333349,103.7243073,"498 JURONG WEST STREET 41, Singapore 640498",498,JURONG WEST STREET 41,640498,SW12H20A000
NTUC FAIRPRICE CO-OPERATIVE LTD,1.311885961,103.7590809,"502 WEST COAST DRIVE, Singapore 120502",502,WEST COAST DRIVE,120502,SW12O05A000
NTUC FAIRPRICE CO-OPERATIVE LTD,1.292774327,103.784084,"1 LOWER KENT RIDGE ROAD, Singapore 119082",1,LOWER KENT RIDGE ROAD,119082,SW13245V000
NTUC FAIRPRICE CO-OPERATIVE LTD,1.347701478,103.7570446,"280 BUKIT BATOK EAST AVENUE 3, Singapore 650280",280,BUKIT BATOK EAST AVENUE 3,650280,SW13Q24X000
NTUC FAIRPRICE CO-OPERATIVE LTD,1.333200217,103.7431704,"50 JURONG GATEWAY ROAD, Singapore 608549",50,JURONG GATEWAY ROAD,608549,SW13T12J000
NTUC FAIRPRICE CO-OPERATIVE LTD,1.366506981,103.7468471,"2 BUKIT BATOK WEST AVENUE 7, Singapore 659003",2,BUKIT BATOK WEST AVENUE 7,659003,SW14633X000
SHINVA AGRO FOODS PTE. LTD.,1.311002403,103.6315723,"11 TECH PARK CRESCENT, Singapore 638121",11,TECH PARK CRESCENT,638121,SW14824J000
NTUC FAIRPRICE CO-OPERATIVE LTD,1.324606651,103.6780964,"1 JOO KOON CIRCLE, Singapore 629117",1,JOO KOON CIRCLE,629117,SW14951X000
SHINVA AGRO FOODS PTE. LTD.,1.300911466,103.6277889,"115 TUAS VIEW WALK 1, Singapore 637734",115,TUAS VIEW WALK 1,637734,SW14B28C000
NTUC FAIRPRICE CO-OPERATIVE LTD,1.392073879,103.7430996,"533 CHOA CHU KANG STREET 51, Singapore 680533",533,CHOA CHU KANG STREET 51,680533,SW15796X000
NTUC FAIRPRICE CO-OPERATIVE LTD,1.320520272,103.7426515,"37 TEBAN GARDENS ROAD, Singapore 600037",37,TEBAN GARDENS ROAD,600037,SW15968N000
PHAN NEE INVESTMENTS (S) PTE LTD,1.371932805,103.7208574,"500 OLD CHOA CHU KANG ROAD, Singapore 698928",500,OLD CHOA CHU KANG ROAD,698928,SW16815P000
NTUC FAIRPRICE CO-OPERATIVE LTD,1.342591042,103.7391995,"249 JURONG EAST STREET 24, Singapore 600249",249,JURONG EAST STREET 24,600249,SW16D83E000
THE QUALITYMART DEPOT PTE. LTD.,1.282201364,103.8030238,"180 DEPOT ROAD, Singapore 109684",180,DEPOT ROAD,109684,SW18581V000
COLD STORAGE SINGAPORE (1983) PTE LTD,1.348133785,103.6854185,"35 STUDENTS WALK, Singapore 639548",35,STUDENTS WALK,639548,SW18A40J000
SHENG SIONG SUPERMARKET PTE LTD,1.353038247,103.7439484,"451 BUKIT BATOK WEST AVENUE 6, Singapore 650451",451,BUKIT BATOK WEST AVENUE 6,650451,SW18F69X000
HONESTBEE PTE. LTD.,1.276045195,103.7971873,"34 BOON LEAT TERRACE, Singapore 119866",34,BOON LEAT TERRACE,119866,SW18G66X000
NTUC FAIRPRICE CO-OPERATIVE LTD,1.286463457,103.8269351,"302 TIONG BAHRU ROAD, Singapore 168732",302,TIONG BAHRU ROAD,168732,W02072P000
NTUC FAIRPRICE CO-OPERATIVE LTD,1.283119503,103.8176429,"166 BUKIT MERAH CENTRAL, Singapore 150166",166,BUKIT MERAH CENTRAL,150166,W02083K000
NTUC FAIRPRICE CO-OPERATIVE LTD,1.325126533,103.8510556,"360 BALESTIER ROAD, Singapore 329783",360,BALESTIER ROAD,329783,W02084J000
NTUC FAIRPRICE CO-OPERATIVE LTD,1.28977814,103.8267938,"50 HAVELOCK ROAD, Singapore 160050",50,HAVELOCK ROAD,160050,W02086C000
NTUC FAIRPRICE CO-OPERATIVE LTD,1.27624053,103.8430061,"5 TANJONG PAGAR PLAZA, Singapore 81005",5,TANJONG PAGAR PLAZA,81005,W02092J000
NTUC FAIRPRICE CO-OPERATIVE LTD,1.29727532,103.8385339,"131 KILLINEY ROAD, Singapore 239571",131,KILLINEY ROAD,239571,W02239E000
NTUC FAIRPRICE CO-OPERATIVE LTD,1.380542441,103.763994,"1 JELEBU ROAD, Singapore 677743",1,JELEBU ROAD,677743,B02020N000
NTUC FAIRPRICE CO-OPERATIVE LTD,1.44822653,103.8194621,"30 SEMBAWANG DRIVE, Singapore 757713",30,SEMBAWANG DRIVE,757713,B02021L000
NTUC FAIRPRICE CO-OPERATIVE LTD,1.432626029,103.7740512,"71 WOODLANDS AVENUE 3, Singapore 739044",71,WOODLANDS AVENUE 3,739044,B02022K000
NTUC FAIRPRICE CO-OPERATIVE LTD,1.437556564,103.7951364,"888 WOODLANDS DRIVE 50, Singapore 730888",888,WOODLANDS DRIVE 50,730888,B02024E000
NTUC FAIRPRICE CO-OPERATIVE LTD,1.424528481,103.8465956,"414 YISHUN RING ROAD, Singapore 760414",414,YISHUN RING ROAD,760414,B02025C000
NTUC FAIRPRICE CO-OPERATIVE LTD,1.429194683,103.7811369,"30 WOODLANDS AVENUE 1, Singapore 739065",30,WOODLANDS AVENUE 1,739065,B02034B000
NTUC FAIRPRICE CO-OPERATIVE LTD,1.429525221,103.8349951,"301 YISHUN AVENUE 2, Singapore 769093",301,YISHUN AVENUE 2,769093,B02093B000
NTUC FAIRPRICE CO-OPERATIVE LTD,1.416983156,103.8352182,"849 YISHUN RING ROAD, Singapore 760849",849,YISHUN RING ROAD,760849,B02099L000
NTUC FAIRPRICE CO-OPERATIVE LTD,1.385096015,103.7602184,"628 SENJA ROAD, Singapore 670628",628,SENJA ROAD,670628,B03099C000
NTUC FAIRPRICE CO-OPERATIVE LTD,1.366558299,103.8416241,"215 ANG MO KIO AVENUE 1, Singapore 560215",215,ANG MO KIO AVENUE 1,560215,B98014C000
NTUC FAIRPRICE CO-OPERATIVE LTD,1.411035981,103.8440399,"1 ORCHID CLUB ROAD, Singapore 769162",1,ORCHID CLUB ROAD,769162,B99041L000
NTUC FAIRPRICE CO-OPERATIVE LTD,1.323835127,103.8099996,"587 BUKIT TIMAH ROAD, Singapore 269707",587,BUKIT TIMAH ROAD,269707,C02034X000
NTUC FAIRPRICE CO-OPERATIVE LTD,1.312482993,103.7654768,"451 CLEMENTI AVENUE 3, Singapore 120451",451,CLEMENTI AVENUE 3,120451,C02035P000
NTUC FAIRPRICE CO-OPERATIVE LTD,1.338656771,103.7785605,"1 JALAN ANAK BUKIT, Singapore 588996",1,JALAN ANAK BUKIT,588996,C02036N000
NTUC FAIRPRICE CO-OPERATIVE LTD,1.333753433,103.7393714,"135 JURONG EAST STREET 13, Singapore 600135",135,JURONG EAST STREET 13,600135,C02037L000
NTUC FAIRPRICE CO-OPERATIVE LTD,1.339830148,103.7064609,"1 JURONG WEST CENTRAL 2, Singapore 648886",1,JURONG WEST CENTRAL 2,648886,C02038K000
NTUC FAIRPRICE CO-OPERATIVE LTD,1.332059376,103.7224529,"63/66 YUNG KUANG ROAD, Singapore 610063",63/66,YUNG KUANG ROAD,610063,C02040A000
NTUC FAIRPRICE CO-OPERATIVE LTD,1.335042019,103.720268,"399 YUNG SHENG ROAD, Singapore 610399",399,YUNG SHENG ROAD,610399,C02041V000
NTUC FAIRPRICE CO-OPERATIVE LTD,1.347162359,103.7428079,"166 BUKIT BATOK WEST AVENUE 8, Singapore 650166",166,BUKIT BATOK WEST AVENUE 8,650166,C02053L000
NTUC FAIRPRICE CO-OPERATIVE LTD,1.348710801,103.7493345,"10 BUKIT BATOK CENTRAL, Singapore 659958",10,BUKIT BATOK CENTRAL,659958,C02104B000
NTUC FAIRPRICE CO-OPERATIVE LTD,1.3455121,103.7312191,"BLK 345 JURONG EAST STREET 31, Singapore 600345",BLK 345,JURONG EAST STREET 31,600345,C85274C000
NTUC FAIRPRICE CO-OPERATIVE LTD,1.292703398,103.810959,"57 DAWSON ROAD, Singapore 142057",57,DAWSON ROAD,142057,CE04086K000
SHENG SIONG SUPERMARKET PTE LTD,1.375635002,103.8719964,"19 SERANGOON NORTH AVENUE 5, Singapore 554913",19,SERANGOON NORTH AVENUE 5,554913,CE04561V000
NTUC FAIRPRICE CO-OPERATIVE LTD,1.32099295,103.87039,"71 KALLANG BAHRU, Singapore 330071",71,KALLANG BAHRU,330071,CE05295K000
NTUC FAIRPRICE CO-OPERATIVE LTD,1.286453544,103.8082424,"1 JALAN BUKIT MERAH, Singapore 150001",1,JALAN BUKIT MERAH,150001,CE05487V000
NTUC FAIRPRICE CO-OPERATIVE LTD,1.293017861,103.8269408,"491 RIVER VALLEY ROAD, Singapore 248371",491,RIVER VALLEY ROAD,248371,CE06044N000
NTUC FAIRPRICE CO-OPERATIVE LTD,1.320429679,103.8438921,"10 SINARAN DRIVE, Singapore 307506",10,SINARAN DRIVE,307506,CE06L48L000
NTUC FAIRPRICE CO-OPERATIVE LTD,1.369248907,103.8483992,"53 ANG MO KIO AVENUE 3, Singapore 569933",53,ANG MO KIO AVENUE 3,569933,CE06M36N000
NTUC FAIRPRICE CO-OPERATIVE LTD,1.315363034,103.8494345,"43 CAMBRIDGE ROAD, Singapore 210043",43,CAMBRIDGE ROAD,210043,CE07320C000
NTUC FAIRPRICE CO-OPERATIVE LTD,1.312654501,103.8725418,"5 UPPER BOON KENG ROAD, Singapore 380005",5,UPPER BOON KENG ROAD,380005,CE07D83B000
NTUC FAIRPRICE CO-OPERATIVE LTD,1.284807346,103.829298,"18 /20 KIM TIAN ROAD, Singapore 169252",18 /20,KIM TIAN ROAD,169252,CE08015J000
NTUC FAIRPRICE CO-OPERATIVE LTD,1.323796079,103.8556706,"80 LORONG LIMAU, Singapore 320080",80,LORONG LIMAU,320080,CE08H32N000
NTUC FAIRPRICE CO-OPERATIVE LTD,1.311393494,103.8564871,"180 KITCHENER ROAD, Singapore 208539",180,KITCHENER ROAD,208539,CE09H10X000
NTUC FAIRPRICE CO-OPERATIVE LTD,1.277077076,103.8314259,"150 SILAT AVENUE, Singapore 160150",150,SILAT AVENUE,160150,CE11F41C000
"JEWISH WELFARE BOARD, SINGAPORE, THE",1.298273289,103.8505995,"24 WATERLOO STREET, Singapore 187950",24,WATERLOO STREET,187950,CE11H82X000
NTUC FAIRPRICE CO-OPERATIVE LTD,1.305855835,103.8329844,"6 SCOTTS ROAD, Singapore 228209",6,SCOTTS ROAD,228209,CE11M39P000
NTUC FAIRPRICE CO-OPERATIVE LTD,1.371409205,103.8470829,"712 ANG MO KIO AVENUE 6, Singapore 560712",712,ANG MO KIO AVENUE 6,560712,CE11N90C000
NTUC FAIRPRICE CO-OPERATIVE LTD,1.274588224,103.8434707,"100 TRAS STREET, Singapore 79027",100,TRAS STREET,79027,CE12H50C000
NTUC FAIRPRICE CO-OPERATIVE LTD,1.327084859,103.8464765,"20 AH HOOD ROAD, Singapore 329984",20,AH HOOD ROAD,329984,CE13O90C000
NTUC FAIRPRICE CO-OPERATIVE LTD,1.392138284,103.8724906,"447A JALAN KAYU, Singapore 791447",447A,JALAN KAYU,791447,CE13R25C000
COLD STORAGE SINGAPORE (1983) PTE LTD,1.294879051,103.8576755,"3 TEMASEK BOULEVARD, Singapore 38983",3,TEMASEK BOULEVARD,38983,CE13Z03L000
NTUC FAIRPRICE CO-OPERATIVE LTD,1.308806095,103.861312,"808 FRENCH ROAD, Singapore 200808",808,FRENCH ROAD,200808,CE13Z98K000
COLD STORAGE SINGAPORE (1983) PTE LTD,1.274617942,103.8443196,"16 ENGGOR STREET, Singapore 79717",16,ENGGOR STREET,79717,CE14G71E000
NTUC FAIRPRICE CO-OPERATIVE LTD,1.391393057,103.8760677,"33 SENGKANG WEST AVENUE, Singapore 797653",33,SENGKANG WEST AVENUE,797653,CE14L50J000
NTUC FAIRPRICE CO-OPERATIVE LTD,1.386218353,103.8929955,"279 SENGKANG EAST AVENUE, Singapore 540279",279,SENGKANG EAST AVENUE,540279,CE15695V000
NTUC FAIRPRICE CO-OPERATIVE LTD,1.286680272,103.8137663,"20 LENGKOK BAHRU, Singapore 159053",20,LENGKOK BAHRU,159053,CE15G35E000
NTUC FAIRPRICE CO-OPERATIVE LTD,1.370894561,103.8563965,"574 ANG MO KIO AVENUE 10, Singapore 560574",574,ANG MO KIO AVENUE 10,560574,CE16K18V000
NTUC FAIRPRICE CO-OPERATIVE LTD,1.363215861,103.8354454,"410A SIN MING AVENUE, Singapore 571410",410A,SIN MING AVENUE,571410,CE17E43B000
NTUC FAIRPRICE CO-OPERATIVE LTD,1.319093442,103.8639053,"30 BENDEMEER ROAD, Singapore 330030",30,BENDEMEER ROAD,330030,CE17K55B000
NTUC FAIRPRICE CO-OPERATIVE LTD,1.33889072,103.8489933,"95 LORONG 4 TOA PAYOH, Singapore 310095",95,LORONG 4 TOA PAYOH,310095,CE17L02A000
SF (313) PTE. LTD.,1.294879051,103.8576755,"3 TEMASEK BOULEVARD, Singapore 38983",3,TEMASEK BOULEVARD,38983,CE17P14L000
YOUR GROCER PRIVATE LIMITED,1.288076883,103.8270813,"34 JALAN BUKIT HO SWEE, Singapore 160034",34,JALAN BUKIT HO SWEE,160034,CE18R71X000
COLD STORAGE SINGAPORE (1983) PTE LTD,1.280227686,103.8533493,"8A MARINA BOULEVARD, Singapore 18984",8A,MARINA BOULEVARD,18984,CE18T11J000
PAN PACIFIC INTERNATIONAL HOLDINGS PTE. LTD.,1.311393494,103.8564871,"180 KITCHENER ROAD, Singapore 208539",180,KITCHENER ROAD,208539,CE18T88K000
NTUC FAIRPRICE CO-OPERATIVE LTD,1.321766446,103.8866728,"114 ALJUNIED AVENUE 2, Singapore 380114",114,ALJUNIED AVENUE 2,380114,E02034P000
NTUC FAIRPRICE CO-OPERATIVE LTD,1.325940697,103.93164,"212 BEDOK NORTH STREET 1, Singapore 460212",212,BEDOK NORTH STREET 1,460212,E02035N000
NTUC FAIRPRICE CO-OPERATIVE LTD,1.369799402,103.8730358,"152B SERANGOON NORTH AVENUE 1, Singapore 552152",152B,SERANGOON NORTH AVENUE 1,552152,E02039E000
NTUC FAIRPRICE CO-OPERATIVE LTD,1.301419557,103.9071127,"6 MARINE PARADE CENTRAL, Singapore 449411",6,MARINE PARADE CENTRAL,449411,E02096K000
NTUC FAIRPRICE CO-OPERATIVE LTD,1.312307528,103.9252345,"934 EAST COAST ROAD, Singapore 459125",934,EAST COAST ROAD,459125,E83157K000
NTUC FAIRPRICE CO-OPERATIVE LTD,1.328556569,103.8853499,"77 CIRCUIT ROAD, Singapore 370077",77,CIRCUIT ROAD,370077,E95315V000
NTUC FAIRPRICE CO-OPERATIVE LTD,1.308361652,103.9079888,"239/255 EAST COAST ROAD, Singapore 428932",239/255,EAST COAST ROAD,428932,E98161V000
NTUC FAIRPRICE CO-OPERATIVE LTD,1.346348193,103.7124293,"221 BOON LAY PLACE, Singapore 640221",221,BOON LAY PLACE,640221,J02013A000
NTUC FAIRPRICE CO-OPERATIVE LTD,1.385068363,103.7449504,"21 CHOA CHU KANG AVENUE 4, Singapore 689812",21,CHOA CHU KANG AVENUE 4,689812,J96145K000
NTUC FAIRPRICE CO-OPERATIVE LTD,1.345281442,103.9453443,"138 TAMPINES STREET 11, Singapore 521138",138,TAMPINES STREET 11,521138,NE04047K000
NTUC FAIRPRICE CO-OPERATIVE LTD,1.394184095,103.9129764,"168 PUNGGOL FIELD, Singapore 820168",168,PUNGGOL FIELD,820168,NE04107V000
NTUC FAIRPRICE CO-OPERATIVE LTD,1.355421763,103.9343152,"866A TAMPINES STREET 83, Singapore 521866",866A,TAMPINES STREET 83,521866,NE04114A000
NTUC FAIRPRICE CO-OPERATIVE LTD,1.377140734,103.9535991,"1 PASIR RIS CLOSE, Singapore 519599",1,PASIR RIS CLOSE,519599,NE08058P000
NTUC FAIRPRICE CO-OPERATIVE LTD,1.38233698,103.8936078,"BLK 277C COMPASSVALE LINK, Singapore 543277",BLK 277C,COMPASSVALE LINK,543277,NE08150C000
COLD STORAGE SINGAPORE (1983) PTE LTD,1.354315564,103.9450195,"10 TAMPINES CENTRAL 1, Singapore 529536",10,TAMPINES CENTRAL 1,529536,NE09027A000
NTUC FAIRPRICE CO-OPERATIVE LTD,1.371779957,103.8941654,"100 HOUGANG AVENUE 10, Singapore 538767",100,HOUGANG AVENUE 10,538767,NE09263B000
NTUC FAIRPRICE CO-OPERATIVE LTD,1.36516071,103.8650419,"1 MAJU AVENUE, Singapore 556679",1,MAJU AVENUE,556679,NE10310X000
NTUC FAIRPRICE CO-OPERATIVE LTD,1.404610028,103.9086656,"612 PUNGGOL DRIVE, Singapore 820612",612,PUNGGOL DRIVE,820612,NE12B79A000
NTUC FAIRPRICE CO-OPERATIVE LTD,1.377430064,103.9037129,"476 UPPER SERANGOON VIEW, Singapore 530476",476,UPPER SERANGOON VIEW,530476,NE15467C000
NTUC FAIRPRICE CO-OPERATIVE LTD,1.35349616,103.9396836,"51 TAMPINES AVENUE 4, Singapore 528523",51,TAMPINES AVENUE 4,528523,NE16640E000
U STARS SUPERMARKET PTE. LTD.,1.351264107,103.9293638,"878C TAMPINES AVENUE 8, Singapore 523878",878C,TAMPINES AVENUE 8,523878,NE17390X000
NTUC FAIRPRICE CO-OPERATIVE LTD,1.355242899,103.9316236,"872C TAMPINES STREET 86, Singapore 523872",872C,TAMPINES STREET 86,523872,NE17563L000
NTUC FAIRPRICE CO-OPERATIVE LTD,1.402878451,103.9131957,"681 PUNGGOL DRIVE, Singapore 820681",681,PUNGGOL DRIVE,820681,NE18169P000
NTUC FAIRPRICE CO-OPERATIVE LTD,1.435077894,103.7866196,"900 SOUTH WOODLANDS DRIVE, Singapore 730900",900,SOUTH WOODLANDS DRIVE,730900,NW04127A000
NTUC FAIRPRICE CO-OPERATIVE LTD,1.453845188,103.8195433,"511 CANBERRA ROAD, Singapore 750511",511,CANBERRA ROAD,750511,NW06546V000
NTUC FAIRPRICE CO-OPERATIVE LTD,1.449566476,103.8186411,"355 SEMBAWANG WAY, Singapore 750355",355,SEMBAWANG WAY,750355,NW07277P000
NTUC FAIRPRICE CO-OPERATIVE LTD,1.309182112,103.7925475,"36 HOLLAND DRIVE, Singapore 270036",36,HOLLAND DRIVE,270036,NW08477X000
SHENG SIONG SUPERMARKET PTE LTD,1.380605116,103.7600416,"1 WOODLANDS ROAD, Singapore 677899",1,WOODLANDS ROAD,677899,NW11767E000
NTUC FAIRPRICE CO-OPERATIVE LTD,1.43106395,103.7904541,"570B WOODLANDS AVENUE 1, Singapore 732570",570B,WOODLANDS AVENUE 1,732570,NW13K05E000
NTUC FAIRPRICE CO-OPERATIVE LTD,1.378349714,103.7627412,"17 PETIR ROAD, Singapore 678278",17,PETIR ROAD,678278,NW17097K000
CUTECH GREEN VENTURES PTE. LTD.,1.453343622,103.7956824,"10 WOODLANDS INDUSTRIAL PARK E1, Singapore 757733",10,WOODLANDS INDUSTRIAL PARK E1,757733,NW17699N000
NTUC FAIRPRICE CO-OPERATIVE LTD,1.427999957,103.836142,"1 NORTHPOINT DRIVE, Singapore 768019",1,NORTHPOINT DRIVE,768019,NW17872B000
NTUC FAIRPRICE CO-OPERATIVE LTD,1.439916079,103.8007012,"676 WOODLANDS DRIVE 71, Singapore 730676",676,WOODLANDS DRIVE 71,730676,NW17908L000
NTUC FAIRPRICE CO-OPERATIVE LTD,1.308492885,103.7845981,"29A GHIM MOH LINK, Singapore 271029",29A,GHIM MOH LINK,271029,NW18091N000
NTUC FAIRPRICE CO-OPERATIVE LTD,1.417999257,103.8412365,"598 YISHUN RING ROAD, Singapore 768698",598,YISHUN RING ROAD,768698,NW18192E000
SHENG SIONG SUPERMARKET PTE LTD,1.431098071,103.7985076,"573 WOODLANDS DRIVE 16, Singapore 730573",573,WOODLANDS DRIVE 16,730573,NW18778K000
NTUC FAIRPRICE CO-OPERATIVE LTD,1.348888439,103.849692,"510 BISHAN STREET 13, Singapore 570510",510,BISHAN STREET 13,570510,S02021B000
NTUC FAIRPRICE CO-OPERATIVE LTD,1.350239427,103.8484776,"9 BISHAN PLACE, Singapore 579837",9,BISHAN PLACE,579837,S02023V000
NTUC FAIRPRICE CO-OPERATIVE LTD,1.372311865,103.8936616,"90 HOUGANG AVENUE 10, Singapore 538766",90,HOUGANG AVENUE 10,538766,S02026N000
NTUC FAIRPRICE CO-OPERATIVE LTD,1.3736183,103.8857489,"682 HOUGANG AVENUE 4, Singapore 530682",682,HOUGANG AVENUE 4,530682,S02027L000
NTUC FAIRPRICE CO-OPERATIVE LTD,1.357575581,103.8840385,"202 HOUGANG STREET 21, Singapore 530202",202,HOUGANG STREET 21,530202,S02028K000
NTUC FAIRPRICE CO-OPERATIVE LTD,1.375667281,103.8794503,"1 HOUGANG STREET 91, Singapore 538692",1,HOUGANG STREET 91,538692,S02029J000
NTUC FAIRPRICE CO-OPERATIVE LTD,1.372449809,103.9497157,"1 PASIR RIS CENTRAL STREET 3, Singapore 518457",1,PASIR RIS CENTRAL STREET 3,518457,S02034N000
NTUC FAIRPRICE CO-OPERATIVE LTD,1.35267232,103.944388,"4 TAMPINES CENTRAL 5, Singapore 529510",4,TAMPINES CENTRAL 5,529510,S02039C000
NTUC FAIRPRICE CO-OPERATIVE LTD,1.337404713,103.9217747,"745 BEDOK RESERVOIR ROAD, Singapore 470745",745,BEDOK RESERVOIR ROAD,470745,S02049A000
U STARS PTE. LTD.,1.415176338,103.8398304,"507 YISHUN AVENUE 4, Singapore 760507",507,YISHUN AVENUE 4,760507,NW17212X000
SHENG SIONG SUPERMARKET PTE LTD,1.302038029,103.7980217,"88 TANGLIN HALT ROAD, Singapore 141088",88,TANGLIN HALT ROAD,141088,CE07783P000
SHENG SIONG SUPERMARKET PTE LTD,1.367000535,103.9646178,"258 PASIR RIS STREET 21, Singapore 510258",258,PASIR RIS STREET 21,510258,NE17023N000
OH BENG GUAN,1.363938215,103.751896,"395A BUKIT BATOK WEST AVENUE 5, Singapore 651395",395A,BUKIT BATOK WEST AVENUE 5,651395,SW06322N000
IROHA INTERNATIONAL PTE. LTD.,1.284998839,103.8446971,"133 NEW BRIDGE ROAD, Singapore 59413",133,NEW BRIDGE ROAD,59413,CE17F56J000
COLD STORAGE SINGAPORE (1983) PTE LTD,1.3646254,103.847677,"316B ANG MO KIO STREET 31, Singapore 563316",316B,ANG MO KIO STREET 31,563316,CE05096V000
COLD STORAGE SINGAPORE (1983) PTE LTD,1.387395374,103.869136,"1 SELETAR ROAD, Singapore 807011",1,SELETAR ROAD,807011,CE11P32L000
COLD STORAGE SINGAPORE (1983) PTE LTD,1.30523472,103.9050149,"112 EAST COAST ROAD, Singapore 428802",112,EAST COAST ROAD,428802,SE11930L000
CULINA PTE LTD,1.304175119,103.8095261,"8 DEMPSEY ROAD, Singapore 247696",8,DEMPSEY ROAD,247696,CE07411A000
COLD STORAGE SINGAPORE (1983) PTE LTD,1.33362232,103.8509779,"181 LORONG 4 TOA PAYOH, Singapore 310181",181,LORONG 4 TOA PAYOH,310181,S02057A000
COLD STORAGE SINGAPORE (1983) PTE LTD,1.286920064,103.8186736,"86 REDHILL CLOSE, Singapore 150086",86,REDHILL CLOSE,150086,W72014K000
SHENG SIONG SUPERMARKET PTE LTD,1.324635732,103.9310688,"209 NEW UPPER CHANGI ROAD, Singapore 460209",209,NEW UPPER CHANGI ROAD,460209,SE04069A000
PRIME SUPERMARKET LIMITED,1.439983654,103.8012931,"678 WOODLANDS AVENUE 6, Singapore 730678",678,WOODLANDS AVENUE 6,730678,B02027A000
NG TOH TET,1.351518472,103.7194965,"442 JURONG WEST AVENUE 1, Singapore 640442",442,JURONG WEST AVENUE 1,640442,J02016P000
HAO MART PTE. LTD.,1.335453527,103.863388,"120 POTONG PASIR AVENUE 1, Singapore 350120",120,POTONG PASIR AVENUE 1,350120,E85090E000
CHUA & NG PTE. LTD.,1.332050946,103.9141451,"632 BEDOK RESERVOIR ROAD, Singapore 470632",632,BEDOK RESERVOIR ROAD,470632,NE08405X000
LOCH GROCER PTE. LTD.,1.34995541,103.7177048,"503 JURONG WEST AVENUE 1, Singapore 640503",503,JURONG WEST AVENUE 1,640503,SW09133X000
ARCHANA SUPERMARKET PTE. LTD.,1.320484261,103.7267228,"1 JALAN PAPAN, Singapore 619392",1,JALAN PAPAN,619392,SW16856V000
COLD STORAGE SINGAPORE (1983) PTE LTD,1.450008612,103.8141109,"468B ADMIRALTY DRIVE, Singapore 752468",468B,ADMIRALTY DRIVE,752468,NW09437C000
COLD STORAGE SINGAPORE (1983) PTE LTD,1.342392845,103.7762505,"144 UPPER BUKIT TIMAH ROAD, Singapore 588177",144,UPPER BUKIT TIMAH ROAD,588177,C02048E000
COLD STORAGE SINGAPORE (1983) PTE LTD,1.336675729,103.7837092,"896 DUNEARN ROAD, Singapore 589472",896,DUNEARN ROAD,589472,NW15295X000
ISETAN (SINGAPORE) LIMITED?,1.334025295,103.742586,"3 GATEWAY DRIVE, Singapore 608532",3,GATEWAY DRIVE,608532,SW13W88P000
COLD STORAGE SINGAPORE (1983) PTE LTD,1.341591083,103.6970201,"638 JURONG WEST STREET 61, Singapore 640638",638,JURONG WEST STREET 61,640638,SW05008N000
PRIME SUPERMARKET LIMITED,1.348726433,103.698292,"763 JURONG WEST STREET 75, Singapore 640763",763,JURONG WEST STREET 75,640763,J94081B000
SHENG SIONG SUPERMARKET PTE LTD,1.3473718,103.7436981,"154A BUKIT BATOK WEST AVENUE 8, Singapore 651154",154A,BUKIT BATOK WEST AVENUE 8,651154,C02033V000
COLD STORAGE SINGAPORE (1983) PTE LTD,1.350189159,103.749022,"1 BUKIT BATOK CENTRAL LINK, Singapore 658713",1,BUKIT BATOK CENTRAL LINK,658713,C02046K000
TANESEI RETAILING PTE. LTD.,1.35236113,103.9437848,"2 TAMPINES CENTRAL 5, Singapore 529509",2,TAMPINES CENTRAL 5,529509,NE18406E000
LITTLE FARMS PTE. LTD.,1.276724932,103.8451554,"7 WALLICH STREET, Singapore 78884",7,WALLICH STREET,78884,CE16M43E000
MAHOTA FOOD PTE. LTD.,1.35236113,103.9437848,"2 TAMPINES CENTRAL 5, Singapore 529509",2,TAMPINES CENTRAL 5,529509,S02041P000
SHENG SIONG SUPERMARKET PTE LTD,1.30811887,103.7860494,"25 GHIM MOH LINK, Singapore 270025",25,GHIM MOH LINK,270025,SW12M64L000
SHENG SIONG SUPERMARKET PTE LTD,1.377892031,103.856412,"2 ANG MO KIO DRIVE, Singapore 567720",2,ANG MO KIO DRIVE,567720,CE12J32X000
ISYMI PTE LTD,1.355309033,103.8878572,"183 JALAN PELIKAT, Singapore 537643",183,JALAN PELIKAT,537643,NE18066E000
THE SEAFOOD MARKET PLACE (BY SONG FISH) PTE. LTD.,1.314692141,103.8944805,"11 TANJONG KATONG ROAD, Singapore 437157",11,TANJONG KATONG ROAD,437157,SE18169X000
KADER HASNA MARICAN,1.333145775,103.6952481,"17 KIAN TECK LANE, Singapore 627851",17,KIAN TECK LANE,627851,J03027B000
"TANG KER AN, TIMOTHY",1.320625059,103.9347342,"18 BEDOK SOUTH ROAD, Singapore 460018",18,BEDOK SOUTH ROAD,460018,SE17401C000
COLD STORAGE SINGAPORE (1983) PTE LTD,1.379047756,103.7729375,"256 BANGKIT ROAD, Singapore 670256",256,BANGKIT ROAD,670256,B02060V000
MM SUNDRY SHOP PTE.LTD.,1.454646548,103.8044767,"27 WOODLANDS SECTOR 1, Singapore 738252",27,WOODLANDS SECTOR 1,738252,NW07726J000
AL MARCHE PTE LTD,1.280769443,103.8526586,"2 MARINA BOULEVARD, Singapore 18987",2,MARINA BOULEVARD,18987,CE09874X000
COLD STORAGE SINGAPORE (1983) PTE LTD,1.330817402,103.7956924,"1 FIFTH AVENUE, Singapore 268802",1,FIFTH AVENUE,268802,C02024A000
COLD STORAGE SINGAPORE (1983) PTE LTD,1.310255422,103.7953504,"211 HOLLAND AVENUE, Singapore 278967",211,HOLLAND AVENUE,278967,W02066L000
THE ALASKA GUYS PTE. LTD.,1.312122477,103.911186,"201 TELOK KURAU ROAD, Singapore 423910",201,TELOK KURAU ROAD,423910,SE12D97J000
COLD STORAGE SINGAPORE (1983) PTE LTD,1.440538149,103.8009776,"70 WOODLANDS AVENUE 7, Singapore 738344",70,WOODLANDS AVENUE 7,738344,NW08020K000
SHENG SIONG SUPERMARKET PTE LTD,1.388240215,103.7695754,"547 SEGAR ROAD, Singapore 670547",547,SEGAR ROAD,670547,NW15186C000
SHENG SIONG SUPERMARKET PTE LTD,1.39779874,103.8816988,"473 FERNVALE STREET, Singapore 790473",473,FERNVALE STREET,790473,CE16913J000
COLD STORAGE SINGAPORE (1983) PTE LTD,1.400531143,103.9105369,"622D PUNGGOL CENTRAL, Singapore 824622",622D,PUNGGOL CENTRAL,824622,NE13M11K000
COLD STORAGE SINGAPORE (1983) PTE LTD,1.282634377,103.8255958,"26 JALAN MEMBINA, Singapore 161026",26,JALAN MEMBINA,161026,CE11C49E000
COLD STORAGE SINGAPORE (1983) PTE LTD,1.362674503,103.7641729,"4 HILLVIEW RISE, Singapore 667979",4,HILLVIEW RISE,667979,SW14542A000
COLD STORAGE SINGAPORE (1983) PTE LTD,1.316544678,103.8942894,"845 GEYLANG ROAD, Singapore 400845",845,GEYLANG ROAD,400845,E02048C000
TANESEI RETAILING PTE. LTD.,1.30523472,103.9050149,"112 EAST COAST ROAD, Singapore 428802",112,EAST COAST ROAD,428802,SE11A69V000
SHENG SIONG SUPERMARKET PTE LTD,1.384005819,103.7710296,"446 FAJAR ROAD, Singapore 670446",446,FAJAR ROAD,670446,NW17421C000
COLD STORAGE SINGAPORE (1983) PTE LTD,1.378056138,103.7389318,"475 CHOA CHU KANG AVENUE 3, Singapore 680475",475,CHOA CHU KANG AVENUE 3,680475,J02010E000
U STARS PTE. LTD.,1.374057967,103.7461601,"810 CHOA CHU KANG AVENUE 7, Singapore 680810",810,CHOA CHU KANG AVENUE 7,680810,SW16D52V000
FORTUNE SUPERMARKET PTE. LTD.,1.448341542,103.8010572,"780 WOODLANDS CRESCENT, Singapore 730780",780,WOODLANDS CRESCENT,730780,NW15220L000
HAO MART PTE. LTD.,1.450262017,103.8225347,"505 CANBERRA LINK, Singapore 750505",505,CANBERRA LINK,750505,NW16763X000
U STARS SUPERMARKET PTE. LTD.,1.40322712,103.895387,"218 SUMANG WALK, Singapore 820218",218,SUMANG WALK,820218,NE16747J000
SHENG SIONG SUPERMARKET PTE LTD,1.403719394,103.906138,"301 PUNGGOL CENTRAL, Singapore 820301",301,PUNGGOL CENTRAL,820301,NE09359K000
ANG MO SUPERMARKET PTE LTD,1.399461173,103.9160545,"639 PUNGGOL DRIVE, Singapore 820639",639,PUNGGOL DRIVE,820639,NE10113B000
COLD STORAGE SINGAPORE (1983) PTE LTD,1.405660475,103.9119913,"671 EDGEFIELD PLAINS, Singapore 820671",671,EDGEFIELD PLAINS,820671,NE15611B000
SHENG SIONG SUPERMARKET PTE LTD,1.307785101,103.857011,"1 JALAN BERSEH, Singapore 209037",1,JALAN BERSEH,209037,E02140N000
COLD STORAGE SINGAPORE (1983) PTE LTD,1.322573176,103.8142455,"501 BUKIT TIMAH ROAD, Singapore 259760",501,BUKIT TIMAH ROAD,259760,CE06464C000
CP MANAGEMENT SERVICES PRIVATE LIMITED,1.326743945,104.0035785,"80 TANAH MERAH COAST ROAD, Singapore 498820",80,TANAH MERAH COAST ROAD,498820,SE11799C000
VINAYAK TRADERS PTE. LTD.,1.319238114,103.7328825,"27 PENJURU WALK, Singapore 608538",27,PENJURU WALK,608538,SW14A33P000
TASTE (SINGAPORE) PRIVATE LIMITED,1.310529787,103.7961052,"118 HOLLAND AVENUE, Singapore 278997",118,HOLLAND AVENUE,278997,CE17174A000
SHENG SIONG SUPERMARKET PTE LTD,1.433031981,103.8416008,"18 YISHUN AVENUE 9, Singapore 768897",18,YISHUN AVENUE 9,768897,NW16388B000
PRIME SUPERMARKET (1996) PTE LTD,1.377439626,103.7443832,"253 CHOA CHU KANG AVENUE 1, Singapore 680253",253,CHOA CHU KANG AVENUE 1,680253,J02018L000
CAVEMEN PTE. LTD.,1.326965409,103.8436742,"1 JALAN DUSUN, Singapore 329363",1,JALAN DUSUN,329363,CE17A77E000
COLD STORAGE SINGAPORE (1983) PTE LTD,1.307668615,103.8281644,"442 ORCHARD ROAD, Singapore 238879",442,ORCHARD ROAD,238879,CE15577J000
COLD STORAGE SINGAPORE (1983) PTE LTD,1.301978047,103.8397589,"176 ORCHARD ROAD, Singapore 238843",176,ORCHARD ROAD,238843,W89166E000
PRIME SUPERMARKET (1996) PTE LTD,1.346764655,103.6788181,"50 NANYANG AVENUE, Singapore 639798",50,NANYANG AVENUE,639798,SW15D03B000
COLD STORAGE SINGAPORE (1983) PTE LTD,1.312753299,103.9236579,"2 FIRST STREET, Singapore 458278",2,FIRST STREET,458278,SE13S89V000
MOHAMAD DAMAR HULAN BIN OSMAN,1.317149736,103.9039652,"212 CHANGI ROAD, Singapore 419735",212,CHANGI ROAD,419735,SE12H46E000
THE FOODSPREE PTE LTD,1.31290446,103.8997113,"162 JOO CHIAT ROAD, Singapore 427437",162,JOO CHIAT ROAD,427437,SE17760J000
HAO MART PTE. LTD.,1.307060675,103.9237697,"15 SIGLAP ROAD, Singapore 448912",15,SIGLAP ROAD,448912,SE06112L000
COLD STORAGE SINGAPORE (1983) PTE LTD,1.331426856,103.9482571,"348 BEDOK ROAD, Singapore 469560",348,BEDOK ROAD,469560,E02047E000
SHENG SIONG SUPERMARKET PTE LTD,1.338242025,103.9233039,"739A BEDOK RESERVOIR ROAD, Singapore 471739",739A,BEDOK RESERVOIR ROAD,471739,S02048B000
COLD STORAGE SINGAPORE (1983) PTE LTD,1.368998006,103.9586476,"440 PASIR RIS DRIVE 4, Singapore 510440",440,PASIR RIS DRIVE 4,510440,S02033P000
SHENG SIONG SUPERMARKET PTE LTD,1.369686248,103.9479224,"527D PASIR RIS STREET 51, Singapore 514527",527D,PASIR RIS STREET 51,514527,NE15276N000
COLD STORAGE SINGAPORE (1983) PTE LTD,1.380850347,103.8793091,"982 BUANGKOK CRESCENT, Singapore 530982",982,BUANGKOK CRESCENT,530982,S02185J000
HONG HENG SENG,1.281197378,103.8434373,"5 BANDA STREET, Singapore 50005",5,BANDA STREET,50005,W02076J000
COLD STORAGE SINGAPORE (1983) PTE LTD,1.335024304,103.7466382,"2 JURONG EAST STREET 21, Singapore 609601",2,JURONG EAST STREET 21,609601,C02026X000
U STARS SUPERMARKET PTE. LTD.,1.317702819,103.7690767,"345 CLEMENTI AVENUE 5, Singapore 120345",345,CLEMENTI AVENUE 5,120345,C02047J000
KEK HONG HENG,1.318009813,103.7319489,"23 PENJURU WALK, Singapore 608537",23,PENJURU WALK,608537,SW11512N000
LIM KING CHEW,1.362714462,103.8939805,"6 HOUGANG AVENUE 3, Singapore 530006",6,HOUGANG AVENUE 3,530006,S02025P000
COLD STORAGE SINGAPORE (1983) PTE LTD,1.301191315,103.9051136,"80 MARINE PARADE ROAD, Singapore 449269",80,MARINE PARADE ROAD,449269,E02027N000
PRIME SUPERMARKET (1996) PTE LTD,1.320625059,103.9347342,"18 BEDOK SOUTH ROAD, Singapore 460018",18,BEDOK SOUTH ROAD,460018,E75097C000
SHENG SIONG SUPERMARKET PTE LTD,1.378297682,103.7540714,"18 TECK WHYE LANE, Singapore 680018",18,TECK WHYE LANE,680018,SW11423N000
COLD STORAGE SINGAPORE (1983) PTE LTD,1.320000409,103.8873631,"118 ALJUNIED AVENUE 2, Singapore 380118",118,ALJUNIED AVENUE 2,380118,E02045K000
SHENG SIONG SUPERMARKET PTE LTD,1.339044798,103.8555411,"4 LORONG 7 TOA PAYOH, Singapore 310004",4,LORONG 7 TOA PAYOH,310004,S97079B000
MCP FAIRMART PTE LTD,1.33233468,103.9380513,"89 BEDOK NORTH STREET 4, Singapore 460089",89,BEDOK NORTH STREET 4,460089,SE04109X000
ONE EIGHT SHOP PTE. LTD.,1.336584653,103.7376233,"104 JURONG EAST STREET 13, Singapore 600104",104,JURONG EAST STREET 13,600104,C02051P000
COLD STORAGE SINGAPORE (1983) PTE LTD,1.358317047,103.7495799,"376 BUKIT BATOK STREET 31, Singapore 650376",376,BUKIT BATOK STREET 31,650376,J02021A000
COLD STORAGE SINGAPORE (1983) PTE LTD,1.333066482,103.9310914,"509 BEDOK NORTH STREET 3, Singapore 460509",509,BEDOK NORTH STREET 3,460509,E02033X000
HAO MART PTE. LTD.,1.35998567,103.9582477,"487B TAMPINES STREET 45, Singapore 521487",487B,TAMPINES STREET 45,521487,NE16875P000
COLD STORAGE SINGAPORE (1983) PTE LTD,1.430618285,103.828763,"102 YISHUN AVENUE 5, Singapore 760102",102,YISHUN AVENUE 5,760102,NW04014P000
COLD STORAGE SINGAPORE (1983) PTE LTD,1.277795394,103.8193413,"8 TELOK BLANGAH CRESCENT, Singapore 90008",8,TELOK BLANGAH CRESCENT,90008,W74072X000
COLD STORAGE SINGAPORE (1983) PTE LTD,1.310081186,103.7885329,"21 GHIM MOH ROAD, Singapore 270021",21,GHIM MOH ROAD,270021,C79031J000
PRIME SUPERMARKET LIMITED,1.348575367,103.7427086,"159 BUKIT BATOK STREET 11, Singapore 650159",159,BUKIT BATOK STREET 11,650159,SW04097K000
SHENG SIONG SUPERMARKET PTE LTD,1.416018798,103.8350008,"845 YISHUN STREET 81, Singapore 760845",845,YISHUN STREET 81,760845,B02008E000
COLD STORAGE SINGAPORE (1983) PTE LTD,1.329872197,103.9019297,"306 UBI AVENUE 1, Singapore 400306",306,UBI AVENUE 1,400306,E02030B000
ANG MO SUPERMARKET PTE LTD,1.371703425,103.879939,"642 HOUGANG AVENUE 8, Singapore 530642",642,HOUGANG AVENUE 8,530642,S93171X000
LAURELS FOODS SUPPLIERS PTE LTD,1.320441712,103.7789725,"2 PANDAN VALLEY, Singapore 597626",2,PANDAN VALLEY,597626,C02031B000
SHENG SIONG SUPERMARKET PTE LTD,1.427505479,103.8371253,"925 YISHUN CENTRAL 1, Singapore 760925",925,YISHUN CENTRAL 1,760925,B02038P000
SHENG SIONG SUPERMARKET PTE LTD,1.431505269,103.7735157,"301 WOODLANDS STREET 31, Singapore 730301",301,WOODLANDS STREET 31,730301,B02017C000
TEO BOBBY,1.353671028,103.8707568,"253 SERANGOON CENTRAL DRIVE, Singapore 550253",253,SERANGOON CENTRAL DRIVE,550253,SE05117K000
SHAHUL HAMEED S/O ABDUSALAM,1.34753519,103.9517028,"280 TAMPINES STREET 22, Singapore 520280",280,TAMPINES STREET 22,520280,NE10213X000
COLD STORAGE SINGAPORE (1983) PTE LTD,1.34669905,103.7572767,"284 BUKIT BATOK EAST AVENUE 3, Singapore 650284",284,BUKIT BATOK EAST AVENUE 3,650284,SW07070J000
COLD STORAGE SINGAPORE (1983) PTE LTD,1.353231638,103.8714729,"266 SERANGOON CENTRAL DRIVE, Singapore 550266",266,SERANGOON CENTRAL DRIVE,550266,E02028L000
COLD STORAGE SINGAPORE (1983) PTE LTD,1.305605703,103.9153761,"56 MARINE TERRACE, Singapore 440056",56,MARINE TERRACE,440056,SE09608P000
SHENG SIONG SUPERMARKET PTE LTD,1.329181056,103.8882484,"18B CIRCUIT ROAD, Singapore 372018",18B,CIRCUIT ROAD,372018,SE16233J000
COLD STORAGE SINGAPORE (1983) PTE LTD,1.436114248,103.8376052,"293 YISHUN STREET 22, Singapore 760293",293,YISHUN STREET 22,760293,B02039N000
PRIME SUPERMARKET (1996) PTE LTD,1.380790492,103.7519544,"142 TECK WHYE LANE, Singapore 680142",142,TECK WHYE LANE,680142,J02020B000
TAN CHUAN BOON,1.366209428,103.8951449,"309 HOUGANG AVENUE 5, Singapore 530309",309,HOUGANG AVENUE 5,530309,S02031V000
SHENG SIONG SUPERMARKET PTE LTD,1.321619041,103.8593827,"108 MCNAIR ROAD, Singapore 321108",108,MCNAIR ROAD,321108,CE04558K000
PRIME SUPERMARKET LIMITED,1.342017834,103.6914831,"962 JURONG WEST STREET 91, Singapore 640962",962,JURONG WEST STREET 91,640962,J02019K000
MCP FAIRMART PTE LTD,1.333753433,103.7393714,"135 JURONG GATEWAY ROAD, Singapore 600135",135,JURONG GATEWAY ROAD,600135,SW16H72K000
SHENG SIONG SUPERMARKET PTE LTD,1.331433688,103.9368654,"115 BEDOK NORTH ROAD, Singapore 460115",115,BEDOK NORTH ROAD,460115,E03034J000
HAO MART PTE. LTD.,1.324715806,103.8577529,"74 WHAMPOA DRIVE, Singapore 320074",74,WHAMPOA DRIVE,320074,CE12695A000
COLD STORAGE SINGAPORE (1983) PTE LTD,1.247150406,103.839555,"1 COVE AVENUE, Singapore 98537",1,COVE AVENUE,98537,SW12G71E000
COLD STORAGE SINGAPORE (1983) PTE LTD,1.262063365,103.8186256,"1 MARITIME SQUARE, Singapore 99253",1,MARITIME SQUARE,99253,C03010C000
U STARS PTE. LTD.,1.377543843,103.7497,"817 KEAT HONG LINK, Singapore 680817",817,KEAT HONG LINK,680817,SW17728C000
GURU'S MARKETING PTE. LTD.,1.319238114,103.7328825,"27 PENJURU WALK, Singapore 608538",27,PENJURU WALK,608538,SW14A98C000
ISETAN (SINGAPORE) LIMITED?,1.305809792,103.8315073,"350 ORCHARD ROAD, Singapore 238868",350,ORCHARD ROAD,238868,W02078C000
SHENG SIONG SUPERMARKET PTE LTD,1.309733314,103.7686373,"420A CLEMENTI AVENUE 1, Singapore 121420",420A,CLEMENTI AVENUE 1,121420,SW12M67E000
COLD STORAGE SINGAPORE (1983) PTE LTD,1.301761307,103.7693694,"101 CLEMENTI ROAD, Singapore 129787",101,CLEMENTI ROAD,129787,SW12G70J000
SHENG SIONG SUPERMARKET PTE LTD,1.295319669,103.8097586,"85 DAWSON ROAD, Singapore 141085",85,DAWSON ROAD,141085,CE15J25N000
COLD STORAGE SINGAPORE (1983) PTE LTD,1.293893588,103.8531199,"252 NORTH BRIDGE ROAD, Singapore 179103",252,NORTH BRIDGE ROAD,179103,W02080P000
COLD STORAGE SINGAPORE (1983) PTE LTD,1.302424179,103.8346761,"391A ORCHARD ROAD, Singapore 238873",391A,ORCHARD ROAD,238873,W02071X000
COLD STORAGE SINGAPORE (1983) PTE LTD,1.332112774,103.8573781,"260 KIM KEAT AVENUE, Singapore 310260",260,KIM KEAT AVENUE,310260,S02204N000
NTUC FAIRPRICE CO-OPERATIVE LTD,1.290909183,103.8031076,"170 STIRLING ROAD, Singapore 140170",170,STIRLING ROAD,140170,W70029L000
NTUC FAIRPRICE CO-OPERATIVE LTD,1.284998839,103.8446971,"133 NEW BRIDGE ROAD, Singapore 59413",133,NEW BRIDGE ROAD,59413,W90084A000
COLD STORAGE SINGAPORE (1983) PTE LTD,1.317334643,103.8434632,"101 THOMSON ROAD, Singapore 307591",101,THOMSON ROAD,307591,W02065N000
COLD STORAGE SINGAPORE (1983) PTE LTD,1.379245288,103.887832,"21 HOUGANG STREET 51, Singapore 538719",21,HOUGANG STREET 51,538719,S97166P000
TEO BOBBY,1.324760407,103.9243702,"29 CHAI CHEE AVENUE, Singapore 460029",29,CHAI CHEE AVENUE,460029,E02072C000
LOH NYEN YIU,1.302751218,103.8651636,"5001 BEACH ROAD, Singapore 199588",5001,BEACH ROAD,199588,W02081N000
ARCHANA PROVISION STORES PTE. LTD,1.319238114,103.7328825,"27 PENJURU WALK, Singapore 608538",27,PENJURU WALK,608538,SW15051V000
KINGSMART PTE. LTD.,1.316210423,103.7325272,"30 PENJURU PLACE, Singapore 608557",30,PENJURU PLACE,608557,SW07E27X000
AP HOUSE PTE. LTD.,1.278307303,103.8507952,"12 MARINA VIEW, Singapore 18961",12,MARINA VIEW,18961,CE13Z38L000
HAO MART PTE. LTD.,1.31179545,103.9368945,"54 BAYSHORE ROAD, Singapore 469979",54,BAYSHORE ROAD,469979,SE06125B000
COLD STORAGE SINGAPORE (1983) PTE LTD,1.321447691,103.9554195,"20 EASTWOOD ROAD, Singapore 486442",20,EASTWOOD ROAD,486442,E02026P000
U STARS SUPERMARKET PTE. LTD.,1.396849794,103.8892468,"330 ANCHORVALE STREET, Singapore 540330",330,ANCHORVALE STREET,540330,CE15B61K000
U STARS SUPERMARKET PTE. LTD.,1.389770254,103.8927872,"215C COMPASSVALE DRIVE, Singapore 543215",215C,COMPASSVALE DRIVE,543215,NE17098V000
PRIME SUPERMARKET (1996) PTE LTD,1.373683929,103.871417,"542B SERANGOON NORTH AVENUE 3, Singapore 552542",542B,SERANGOON NORTH AVENUE 3,552542,CE12H94B000
SHENG SIONG SUPERMARKET PTE LTD,1.351844982,103.8360537,"200 UPPER THOMSON ROAD, Singapore 574424",200,UPPER THOMSON ROAD,574424,S02058V000
PHAN NEE INVESTMENTS (S) PTE LTD,1.44518329,103.8379632,"2C YISHUN AVENUE 7, Singapore 768930",2C,YISHUN AVENUE 7,768930,NW11577N000
COLD STORAGE SINGAPORE (1983) PTE LTD,1.417383367,103.8329799,"201 YISHUN AVENUE 2, Singapore 769092",201,YISHUN AVENUE 2,769092,CE05039P000
GW TRADER PTE. LTD.,1.418331379,103.8964479,"8 SELETAR NORTH LINK, Singapore 797455",8,SELETAR NORTH LINK,797455,CE15023A000
PHANG NEE ENTERPRISE PTE. LTD.,1.320787913,103.7297513,"2D JALAN PAPAN, Singapore 619415",2D,JALAN PAPAN,619415,SW09426V000
SHENG SIONG SUPERMARKET PTE LTD,1.410819263,103.9003717,"312A SUMANG LINK, Singapore 821312",312A,SUMANG LINK,821312,NE15211C000
FOUR SEASONS ORGANIC MARKET PTE. LTD.,1.301191315,103.9051136,"80 MARINE PARADE ROAD, Singapore 449269",80,MARINE PARADE ROAD,449269,SE10553J000
SHENG SIONG SUPERMARKET PTE LTD,1.314278609,103.7713506,"352 CLEMENTI AVENUE 2, Singapore 120352",352,CLEMENTI AVENUE 2,120352,SW07331C000
SHENG SIONG SUPERMARKET PTE LTD,1.352393576,103.7157595,"544 JURONG WEST STREET 42, Singapore 640544",544,JURONG WEST STREET 42,640544,J02009N000
THNG SAIK MONG,1.322123938,103.7702659,"108 CLEMENTI STREET 11, Singapore 120108",108,CLEMENTI STREET 11,120108,NW06239N000
HAO MART PTE. LTD.,1.358035243,103.8482085,"222 BISHAN STREET 23, Singapore 570222",222,BISHAN STREET 23,570222,CE17A46V000
COLD STORAGE SINGAPORE (1983) PTE LTD,1.354364936,103.9600422,"9 TAMPINES STREET 32, Singapore 529286",9,TAMPINES STREET 32,529286,S02036K000
SHENG SIONG SUPERMARKET PTE LTD,1.45074973,103.7968465,"200 WOODLANDS INDUSTRIAL PARK E7, Singapore 757177",200,WOODLANDS INDUSTRIAL PARK E7,757177,NW11702X000
MAHOTA FOOD PTE. LTD.,1.30832701,103.8620059,"809 FRENCH ROAD, Singapore 200809",809,FRENCH ROAD,200809,CE16445A000
GURU'S MARKETING PTE. LTD.,1.320484261,103.7267228,"1 JALAN PAPAN, Singapore 619392",1,JALAN PAPAN,619392,SW16735N000
VINAYAK TRADERS PTE. LTD.,1.320484261,103.7267228,"1 JALAN PAPAN, Singapore 619392",1,JALAN PAPAN,619392,SW16814X000
COLD STORAGE SINGAPORE (1983) PTE LTD,1.445622899,103.798141,"768 WOODLANDS AVENUE 6, Singapore 730768",768,WOODLANDS AVENUE 6,730768,B02012N000
CHENNAI TRADING & SUPERMART PTE. LTD.,1.320484261,103.7267228,"1 JALAN PAPAN, Singapore 619392",1,JALAN PAPAN,619392,SW16921N000
AJMAL TRADE MART PTE. LTD.,1.406312045,103.7605617,"23 MANDAI ESTATE, Singapore 729937",23,MANDAI ESTATE,729937,NW09331A000
SHENG SIONG SUPERMARKET PTE LTD,1.319238114,103.7328825,"27 PENJURU WALK, Singapore 608538",27,PENJURU WALK,608538,SW14817E000
SUN TRG & CON PTE LTD,1.451325053,103.7910952,"280 WOODLANDS INDUSTRIAL PARK E5, Singapore 757322",280,WOODLANDS INDUSTRIAL PARK E5,757322,NW17024A000
SHENG SIONG SUPERMARKET PTE LTD,1.287082788,103.8415801,"52 CHIN SWEE ROAD, Singapore 160052",52,CHIN SWEE ROAD,160052,W02332N000
COLD STORAGE SINGAPORE (1983) PTE LTD,1.392094149,103.89498,"1 SENGKANG SQUARE, Singapore 545078",1,SENGKANG SQUARE,545078,NE16363K000
COLD STORAGE SINGAPORE (1983) PTE LTD,1.441767147,103.8244951,"604 SEMBAWANG ROAD, Singapore 758459",604,SEMBAWANG ROAD,758459,NW08385B000
COLD STORAGE SINGAPORE (1983) PTE LTD,1.366453633,103.9645985,"259 PASIR RIS STREET 21, Singapore 510259",259,PASIR RIS STREET 21,510259,NE16139A000
NG CHAI SENG,1.273929408,103.8253108,"109 BUKIT PURMEI ROAD, Singapore 90109",109,BUKIT PURMEI ROAD,90109,W02100V000
PRIME SUPERMARKET LIMITED,1.358946367,103.7503658,"373 BUKIT BATOK STREET 31, Singapore 650373",373,BUKIT BATOK STREET 31,650373,J02017N000
ANG KEN CHUA,1.380627985,103.7415201,"410 CHOA CHU KANG AVENUE 3, Singapore 680410",410,CHOA CHU KANG AVENUE 3,680410,J02008P000
HAO MART PTE. LTD.,1.331773017,103.9242365,"537 BEDOK NORTH STREET 3, Singapore 460537",537,BEDOK NORTH STREET 3,460537,E82118V000
COLD STORAGE SINGAPORE (1983) PTE LTD,1.372101695,103.9319999,"21 TAMPINES NORTH DRIVE 2, Singapore 528765",21,TAMPINES NORTH DRIVE 2,528765,NE07474A000
SARATHI STORES PTE LTD,1.337484921,103.8870042,"91 UPPER PAYA LEBAR ROAD, Singapore 534821",91,UPPER PAYA LEBAR ROAD,534821,SE12F88V000
HAO MART PTE. LTD.,1.373079467,103.8296309,"16 JALAN KURAS, Singapore 577729",16,JALAN KURAS,577729,CE12V01C000
ALTERNATIVE SELECTION PTE. LTD.,1.336614749,103.7869692,"29 BINJAI PARK, Singapore 589831",29,BINJAI PARK,589831,NW15264K000
NPS IMPEX PTE. LTD,1.298951467,103.6275179,"21 TUAS VIEW SQUARE, Singapore 637640",21,TUAS VIEW SQUARE,637640,SW15681P000
COLD STORAGE SINGAPORE (1983) PTE LTD,1.35011243,103.7245987,"492 JURONG WEST STREET 41, Singapore 640492",492,JURONG WEST STREET 41,640492,J03056N000
SHENG SIONG SUPERMARKET PTE LTD,1.348784895,103.7034157,"7 JURONG WEST AVENUE 5, Singapore 649486",7,JURONG WEST AVENUE 5,649486,SW07209E000
COLD STORAGE SINGAPORE (1983) PTE LTD,1.360123706,103.7675424,"464 UPPER BUKIT TIMAH ROAD, Singapore 678077",464,UPPER BUKIT TIMAH ROAD,678077,J02011C000
GOWRI'S GLOBAL MARKETING PTE. LTD.,1.410722194,103.768396,"460 MANDAI ROAD, Singapore 729760",460,MANDAI ROAD,729760,NW16252K000
BALASUBRAMANIYAN KANNADASAN,1.435945359,103.7540084,"257 KRANJI ROAD, Singapore 739503",257,KRANJI ROAD,739503,J87134E000
AJMAL TRADE MART PTE. LTD.,1.430693589,103.7592373,"12 KRANJI ROAD, Singapore 739522",12,KRANJI ROAD,739522,SW12L48X000
BANGLADESH SUPER MARKET PTE. LTD.,1.453436934,103.8325264,"1024 SEMBAWANG ROAD, Singapore 758498",1024,SEMBAWANG ROAD,758498,B90051N000
LABIBA ENTERPRISE PTE. LTD.,1.396574156,103.8728516,"249 JALAN KAYU, Singapore 799473",249,JALAN KAYU,799473,CE13S05E000
COLD STORAGE SINGAPORE (1983) PTE LTD,1.381997031,103.8970311,"266 COMPASSVALE BOW, Singapore 540266",266,COMPASSVALE BOW,540266,NE06429X000
SHAFEN SUPERMARKET & TRADING (S) PTE. LTD.,1.336417981,103.7518074,"18 TOH GUAN ROAD EAST, Singapore 608596",18,TOH GUAN ROAD EAST,608596,SW14017K000
YS LOGISTICS (S) PTE. LTD.,1.308593461,103.7223168,"15 JALAN TEPONG, Singapore 619336",15,JALAN TEPONG,619336,SW11146X000
MALAR MARKETING PTE. LTD.,1.313358097,103.627437,"69 TUAS SOUTH AVENUE 1, Singapore 637589",69,TUAS SOUTH AVENUE 1,637589,SW16H70N000
SADIA SUPERMARKET & TRADING (S) PTE. LTD.,1.310694285,103.63019,"14 TECH PARK CRESCENT, Singapore 638118",14,TECH PARK CRESCENT,638118,SW09288C000
GOWRI'S GLOBAL MARKETING PTE. LTD.,1.328886006,103.67713,"555 UPPER JURONG ROAD, Singapore 638368",555,UPPER JURONG ROAD,638368,SW08907C000
KAVI TRADERS PTE. LTD.,1.313322351,103.627917,"69R TUAS SOUTH AVENUE 1, Singapore 639926",69R,TUAS SOUTH AVENUE 1,639926,SW16B85N000
FORTUNE SUPERMARKET PTE. LTD.,1.455512083,103.8145403,"463 SEMBAWANG DRIVE, Singapore 750463",463,SEMBAWANG DRIVE,750463,NW14040B000
COLD STORAGE SINGAPORE (1983) PTE LTD,1.452736234,103.8172493,"406A SEMBAWANG DRIVE, Singapore 751406",406A,SEMBAWANG DRIVE,751406,NW07636K000
PRIME SUPERMARKET LIMITED,1.396526176,103.9088508,"108 PUNGGOL FIELD, Singapore 820108",108,PUNGGOL FIELD,820108,S02127E000
U STARS SUPERMARKET PTE. LTD.,1.405413536,103.8968239,"261 PUNGGOL WAY, Singapore 820261",261,PUNGGOL WAY,820261,NE15440C000
COLD STORAGE SINGAPORE (1983) PTE LTD,1.383580444,103.7707683,"445 FAJAR ROAD, Singapore 670445",445,FAJAR ROAD,670445,B02026B000
HAO MART PTE. LTD.,1.373430253,103.7739241,"205 PETIR ROAD, Singapore 670205",205,PETIR ROAD,670205,NW16634L000
PRIME SUPERMARKET (1996) PTE LTD,1.425398421,103.833259,"761 YISHUN STREET 72, Singapore 760761",761,YISHUN STREET 72,760761,NW12G73N000
SHENG SIONG SUPERMARKET PTE LTD,1.355902185,103.9459122,"506 TAMPINES CENTRAL 1, Singapore 520506",506,TAMPINES CENTRAL 1,520506,NE15002X000
COLD STORAGE SINGAPORE (1983) PTE LTD,1.374549287,103.9370882,"776 PASIR RIS STREET 71, Singapore 510776",776,PASIR RIS STREET 71,510776,NE09314N000
COLD STORAGE SINGAPORE (1983) PTE LTD,1.424899318,103.8472498,"418 YISHUN AVENUE 11, Singapore 760418",418,YISHUN AVENUE 11,760418,B92077A000
PRIME SUPERMARKET LIMITED,1.323289602,103.9241496,"25A CHAI CHEE ROAD, Singapore 461025",25A,CHAI CHEE ROAD,461025,E02041X000
SHENG SIONG SUPERMARKET PTE LTD,1.332402302,103.9255006,"539A BEDOK NORTH STREET 3, Singapore 461539",539A,BEDOK NORTH STREET 3,461539,E02032V000
HAO MART PTE. LTD.,1.319350273,103.9436324,"69 BEDOK SOUTH AVENUE 3, Singapore 460069",69,BEDOK SOUTH AVENUE 3,460069,SE17500A000
PRIME SUPERMARKET (1996) PTE LTD,1.352090599,103.8793146,"159A HOUGANG STREET 11, Singapore 531159",159A,HOUGANG STREET 11,531159,NE11529V000
PRIME SUPERMARKET LIMITED,1.394848156,103.8960423,"263 COMPASSVALE STREET, Singapore 540263",263,COMPASSVALE STREET,540263,S02151E000
COLD STORAGE SINGAPORE (1983) PTE LTD,1.442753322,103.790548,"883 WOODLANDS STREET 82, Singapore 730883",883,WOODLANDS STREET 82,730883,B02037X000
COLD STORAGE SINGAPORE (1983) PTE LTD,1.374239507,103.8394892,"161 ANG MO KIO AVENUE 4, Singapore 560161",161,ANG MO KIO AVENUE 4,560161,B02032E000
COLD STORAGE SINGAPORE (1983) PTE LTD,1.345607714,103.8826959,"2 JALAN LOKAM, Singapore 537846",2,JALAN LOKAM,537846,SE16595E000
D-RON INVESTMENTS PTE. LTD.,1.416907801,103.8960188,"2 SELETAR NORTH LINK, Singapore 797601",2,SELETAR NORTH LINK,797601,CE15042P000
AJMAL SUPER MART PTE. LTD.,1.31396452,103.6257647,"70 TUAS SOUTH AVENUE 1, Singapore 637285",70,TUAS SOUTH AVENUE 1,637285,SW14718K000
COLD STORAGE SINGAPORE (1983) PTE LTD,1.307562373,103.8293522,"1 CLAYMORE DRIVE, Singapore 229594",1,CLAYMORE DRIVE,229594,W02079B000
COLD STORAGE SINGAPORE (1983) PTE LTD,1.316177425,103.837815,"36A DUNEARN ROAD, Singapore 309426",36A,DUNEARN ROAD,309426,W02064P000
COLD STORAGE SINGAPORE (1983) PTE LTD,1.283558725,103.8585057,"2 BAYFRONT AVENUE, Singapore 18972",2,BAYFRONT AVENUE,18972,CE10K82J000
NG LIAN TEE,1.331664776,103.8070338,"7 GREENDALE AVENUE, Singapore 289504",7,GREENDALE AVENUE,289504,CE09902A000
TAN PAK NANG,1.33312324,103.8788419,"387 UPPER ALJUNIED ROAD, Singapore 367872",387,UPPER ALJUNIED ROAD,367872,SE06465L000
HAO MART PTE. LTD.,1.313469039,103.8770048,"32 LORONG 11 GEYLANG, Singapore 388724",32,LORONG 11 GEYLANG,388724,CE11B47P000
SHENG SIONG SUPERMARKET PTE LTD,1.312720553,103.8786415,"301 GEYLANG ROAD, Singapore 389344",301,GEYLANG ROAD,389344,CE12546B000
I-TEC SUPERMART PTE LTD,1.313288615,103.8851532,"498/500 GEYLANG ROAD, Singapore 389456",498/500,GEYLANG ROAD,389456,SE11136C000
YEO HOCK HENG,1.313576054,103.8818778,"5 ALJUNIED ROAD, Singapore 389797",5,ALJUNIED ROAD,389797,CE09744N000
AZ SUPERMART PTE. LTD.,1.338096739,103.9099467,"21 KAKI BUKIT AVENUE 3, Singapore 415920",21,KAKI BUKIT AVENUE 3,415920,NE04109P000
FOODIE MARKET PLACE PTE. LTD.,1.306086368,103.8961496,"313 TANJONG KATONG ROAD, Singapore 437096",313,TANJONG KATONG ROAD,437096,SE15043B000
